id,カテゴリ,年度,全体比較,過去比較
1,人口,2022,3.022594,2.999128
2,世帯数,2022,2.997356,3.016077
3,駅利用者数まとめ,2022,2.59621,1.895085
4,事業所数,2022,3.116334,3
5,従業者数,2022,3.303411,3
6,公示地価,2022,3.091724,3.122362
7,総合評価,2022,3.021272,2.838775
