id,,l,,,id
1,20Ζ,16,0.060150376,1,1
2,20,33,0.12406015,1,2
3,30,54,0.203007519,1,3
4,40,80,0.30075188,1,4
5,50ȏ,83,0.312030075,1,5
6,20Ζ,10,0.0456621,2,1
7,20,30,0.136986301,2,2
8,30,54,0.246575342,2,3
9,40,67,0.305936073,2,4
10,50ȏ,58,0.264840183,2,5
