"id","性別","人数","割合","回数"
1,"男性",126,0.473684211,1
2,"女性",136,0.511278195,1
3,"その他",4,0.015037594,1
4,"男性",96,0.438356164,2
5,"女性",120,0.547945205,2
6,"その他",3,0.01369863,2
