"id","","l","",""
1,"j",126,0.473684211,1
2,"",136,0.511278195,1
3,"̑",4,0.015037594,1
4,"j",96,0.438356164,2
5,"",120,0.547945205,2
6,"̑",3,0.01369863,2
